{
  "1": {
    "k": -0.8885294245079619,
    "c": 0.1115124195852233,
    "e": 0.009395784154647497
  },
  "2": {
    "k": -0.6988660552680444,
    "c": 0.13219213952648604,
    "e": 0.010513454211004563
  },
  "3": {
    "k": -1.1355592361606066,
    "c": 0.08513980614360331,
    "e": 0.006161260869214442
  },
  "4": {
    "k": -0.7127703641961545,
    "c": 0.12557768095393523,
    "e": 0.009577582328186755
  }
}