{
  "1": {
    "k": -3.4684627115572506,
    "c": 0.10687041872331207,
    "e": 0.010558464667404786
  },
  "2": {
    "k": -2.782802554174269,
    "c": 0.144734591063226,
    "e": 0.021114389600120416
  },
  "3": {
    "k": -2.526435540832662,
    "c": 0.12938859441876796,
    "e": 0.025613281249999998
  },
  "4": {
    "k": -2.4196631392994834,
    "c": 0.1812582367561233,
    "e": 0.029016616142055675
  }
}