{
  "1": {
    "k": -0.9979693907195977,
    "c": 0.0784903468150764,
    "e": 0.012730557326897733
  },
  "2": {
    "k": -0.943382447239324,
    "c": 0.08540523087301757,
    "e": 0.015586115533697624
  },
  "3": {
    "k": -0.9121783558706906,
    "c": 0.07886926652572428,
    "e": 0.010964158850168434
  },
  "4": {
    "k": -1.4553198479635816,
    "c": 0.05706467564838071,
    "e": 0.008091383663747868
  }
}